-- phpMyAdmin SQL Dump
-- version 5.2.1
-- https://www.phpmyadmin.net/
--
-- Хост: 127.0.0.1
-- Время создания: Апр 12 2026 г., 13:00
-- Версия сервера: 10.4.32-MariaDB
-- Версия PHP: 8.2.12

SET SQL_MODE = "NO_AUTO_VALUE_ON_ZERO";
START TRANSACTION;
SET time_zone = "+00:00";


/*!40101 SET @OLD_CHARACTER_SET_CLIENT=@@CHARACTER_SET_CLIENT */;
/*!40101 SET @OLD_CHARACTER_SET_RESULTS=@@CHARACTER_SET_RESULTS */;
/*!40101 SET @OLD_COLLATION_CONNECTION=@@COLLATION_CONNECTION */;
/*!40101 SET NAMES utf8mb4 */;

--
-- База данных: `restaurant_db`
--

-- --------------------------------------------------------

--
-- Структура таблицы `categories`
--

CREATE TABLE `categories` (
  `id` int(11) NOT NULL,
  `name` varchar(100) NOT NULL
) ENGINE=InnoDB DEFAULT CHARSET=utf8mb4 COLLATE=utf8mb4_unicode_ci;

--
-- Дамп данных таблицы `categories`
--

INSERT INTO `categories` (`id`, `name`) VALUES
(1, 'Головні страви'),
(2, 'Напої'),
(3, 'Десерти'),
(4, 'Салати'),
(5, 'Піца'),
(6, 'Стейки'),
(10, 'Japan');

-- --------------------------------------------------------

--
-- Структура таблицы `clients`
--

CREATE TABLE `clients` (
  `id` int(11) NOT NULL,
  `phone` varchar(20) NOT NULL,
  `name` varchar(100) NOT NULL,
  `total_orders` int(11) DEFAULT 0,
  `address` varchar(255) DEFAULT '',
  `client_type` varchar(50) DEFAULT 'Доставка'
) ENGINE=InnoDB DEFAULT CHARSET=utf8mb4 COLLATE=utf8mb4_unicode_ci;

--
-- Дамп данных таблицы `clients`
--

INSERT INTO `clients` (`id`, `phone`, `name`, `total_orders`, `address`, `client_type`) VALUES
(1, '+38 (067) 848-88-88', 'Aaaa', 1, '-', 'Резервація'),
(2, '+38 (067) 888-88-88', 'Aaa', 3, 'Kyiv Maidan, Буд. 10A, Кв/Пов: 12', 'Резервація'),
(3, '+38 (067) 838-38-21', 'Aaaaaaaa', 1, 'Aaa, Буд. 14A, Кв/Пов: 4', 'Доставка'),
(4, '+38 (067) 488-48-88', 'AAAA', 1, 'AAA14, Буд. 12, Кв/Пов: 2', 'Доставка'),
(5, '+38 (067) 888-48-48', 'aaaa', 1, 'A, Буд. 14, Кв/Пов: 2', 'Доставка'),
(6, '+38 (067) 888-88-88', 'AAAA', 1, '-', 'Резервація'),
(7, '+38 (067) 345-68-88', 'Kubg', 1, '-', 'Резервація'),
(8, '+38 (067) 232-44-44', 'AAA GG', 1, 'Tarasa Sevchenko, Буд. 14A, Кв/Пов: 8, 300', 'Доставка'),
(10, '+38 (067) 947-32-23', 'wefsd', 1, 'ascasd, Буд. 8A, Кв/Пов: 4', 'Доставка'),
(11, '+38 (067) 232-32-22', '2EWFDSCASC', 1, '-', 'Резервація');

-- --------------------------------------------------------

--
-- Структура таблицы `menuitems`
--

CREATE TABLE `menuitems` (
  `Id` int(11) NOT NULL,
  `Name` varchar(100) NOT NULL,
  `price` decimal(18,2) DEFAULT NULL,
  `Category` varchar(50) NOT NULL
) ENGINE=InnoDB DEFAULT CHARSET=utf8mb4 COLLATE=utf8mb4_unicode_ci;

--
-- Дамп данных таблицы `menuitems`
--

INSERT INTO `menuitems` (`Id`, `Name`, `price`, `Category`) VALUES
(2, '🥟 Вареники з картоплею', 180.00, 'Головні страви'),
(3, '🥬 Голубці домашні', 240.00, 'Головні страви'),
(4, '🥔 Деруни зі сметаною', 150.00, 'Головні страви'),
(5, '🥩 Котлети на грилі', 280.00, 'Головні страви'),
(6, '🍢 Курячий шашлик', 240.00, 'Головні страви'),
(7, '🍚 Плов з бараниною', 310.00, 'Головні страви'),
(8, '🍝 Паста Карбонара', 260.00, 'Головні страви'),
(9, '🥘 Лазанья М\'ясна', 290.00, 'Головні страви'),
(10, '🍖 Баранячі реберця BBQ', 380.00, 'Головні страви'),
(11, '🥣 Борщ з пампушками', 160.00, 'Супи'),
(12, '🍲 Солянка м\'ясна', 190.00, 'Супи'),
(13, '🍄 Грибний крем-суп', 140.00, 'Супи'),
(14, '🥣 Сочевичний суп', 90.00, 'Супи'),
(15, '🍅 Томатний суп', 80.00, 'Супи'),
(16, '🥒 Окрошка на кефірі', 130.00, 'Супи'),
(17, '🥘 Бограч закарпатський', 185.00, 'Супи'),
(18, '🍲 Гороховий з копченостями', 120.00, 'Супи'),
(19, '🍜 Курячий бульйон', 110.00, 'Супи'),
(20, '🐟 Уха з лосося', 210.00, 'Супи'),
(21, '🥩 Антрекот', 550.00, 'Стейки'),
(22, '🥩 Ті-боун Стейк', 700.00, 'Стейки'),
(23, '🥩 Рібай Стейк', 650.00, 'Стейки'),
(24, '🍣 Стейк із лосося', 480.00, 'Стейки'),
(25, '🥩 Філе міньйон', 750.00, 'Стейки'),
(26, '🥩 Шатобріан', 820.00, 'Стейки'),
(27, '🥩 Стейк Нью-Йорк', 680.00, 'Стейки'),
(28, '🐟 Стейк із тунця', 540.00, 'Стейки'),
(29, '🍖 Свиняча шия на грилі', 350.00, 'Стейки'),
(30, '🍳 Біфштекс із яйцем', 310.00, 'Стейки'),
(31, '🍕 Маргарита', 250.00, 'Піца'),
(32, '🍕 Мікс Піца', 320.00, 'Піца'),
(33, '🧀 Чотири сири', 350.00, 'Піца'),
(34, '🍕 Пепероні', 290.00, 'Піца'),
(35, '🥦 Вегетаріанська', 240.00, 'Піца'),
(36, '🥓 Мисливська', 310.00, 'Піца'),
(37, '🍍 Гавайська', 280.00, 'Піца'),
(38, '🍤 З морепродуктами', 420.00, 'Піца'),
(39, '🍗 Барбекю', 340.00, 'Піца'),
(40, '🥟 Кальцоне (закрита)', 270.00, 'Піца'),
(41, '🥗 Салат Олів\'є', 140.00, 'Салати'),
(42, '🥗 Вінегрет', 120.00, 'Салати'),
(43, '🥬 Салат Цезар', 160.00, 'Салати'),
(44, '🥗 Грецький салат', 150.00, 'Салати'),
(45, '🐟 Оселедець під шубою', 145.00, 'Салати'),
(46, '🥗 Салат Мімоза', 135.00, 'Салати'),
(47, '🥩 Теплий з телятиною', 260.00, 'Салати'),
(48, '🍆 Баклажани гриль', 190.00, 'Салати'),
(49, '🍅 Салат Капрезе', 210.00, 'Салати'),
(50, '🦀 Крабовий салат', 155.00, 'Салати'),
(51, '🎂 Київський торт', 210.00, 'Десерти'),
(52, '🥞 Сирники з медом', 130.00, 'Десерти'),
(53, '🍰 Медовик', 140.00, 'Десерти'),
(54, '🍮 Тірамісу', 160.00, 'Десерти'),
(55, '🥧 Яблучний штрудель', 140.00, 'Десерти'),
(56, '🍰 Торт Наполеон', 150.00, 'Десерти'),
(57, '🧀 Чізкейк Нью-Йорк', 175.00, 'Десерти'),
(58, '🧁 Шоколадний фондан', 165.00, 'Десерти'),
(59, '🍮 Панна-котта', 130.00, 'Десерти'),
(60, '🍓 Фруктова тарілка', 250.00, 'Десерти'),
(61, '🍹 Узвар домашній', 45.00, 'Напої'),
(62, '🍺 Квас Тарас', 40.00, 'Напої'),
(63, '🥤 Кока-Кола', 50.00, 'Напої'),
(64, '🥛 Айран', 35.00, 'Напої'),
(66, '🧃 Морс ягідний', 45.00, 'Напої'),
(67, '🍋 Домашній лимонад', 70.00, 'Напої'),
(68, '🧃 Сік в асортименті', 55.00, 'Напої'),
(69, '🥤 Смузі полуничний', 95.00, 'Напої'),
(70, '🥛 Молочний коктейль', 85.00, 'Напої'),
(77, 'Sushi', 200.00, 'Japan');

-- --------------------------------------------------------

--
-- Структура таблицы `orders`
--

CREATE TABLE `orders` (
  `Id` int(11) NOT NULL,
  `TableName` varchar(20) NOT NULL,
  `WaiterName` varchar(50) DEFAULT NULL,
  `OrderDetails` text NOT NULL,
  `TotalAmount` decimal(18,2) DEFAULT NULL,
  `Status` varchar(20) DEFAULT 'Pending',
  `PaymentMethod` varchar(20) DEFAULT NULL,
  `OrderDate` datetime DEFAULT current_timestamp()
) ENGINE=InnoDB DEFAULT CHARSET=utf8mb4 COLLATE=utf8mb4_unicode_ci;

--
-- Дамп данных таблицы `orders`
--

INSERT INTO `orders` (`Id`, `TableName`, `WaiterName`, `OrderDetails`, `TotalAmount`, `Status`, `PaymentMethod`, `OrderDate`) VALUES
(1, 'Стіл 4', 'Admin (Працівник)', '1x Баранячі реберця BBQ - 380 ₴\n1x Лазанья М\'ясна - 290 ₴\n1x Фруктова тарілка - 250 ₴', 920.00, 'Paid', 'КАРТКА', '2026-03-15 21:32:02'),
(2, 'Стіл 4', 'Admin (Працівник)', '1x Вареники з картоплею - 180 ₴\n1x Деруни зі сметаною - 150 ₴\n1x Тірамісу - 160 ₴\n1x Узвар домашній - 45 ₴\n1x Баранячі реберця BBQ - 380 ₴\n1x Медовик - 140 ₴\n1x Молочний коктейль - 85 ₴', 1140.00, 'Paid', 'КАРТКА', '2026-03-15 21:37:53'),
(3, '📦 Доставка #3499', 'Admin (Працівник)', 'АДРЕСА: Г РЕ\n1x Голубці домашні - 240 ₴\n1x Паста Карбонара - 260 ₴\n1x Тірамісу - 160 ₴', 660.00, 'Paid', 'ОПЛАТА ПРИ ОТРИМАННІ', '2026-03-15 21:45:13'),
(4, 'Стіл 4', 'Admin (Працівник)', '1x Лазанья М\'ясна - 290 ₴\n1x Яблучний штрудель - 140 ₴\n1x Київський торт - 210 ₴', 640.00, 'Paid', 'КАРТКА', '2026-03-16 18:00:38'),
(8, 'Стіл 4', 'Admin (Працівник)', '2x Деруни зі сметаною - 150 ₴\n4x Лазанья М\'ясна - 290 ₴\n2x Київський торт - 210 ₴\n2x Торт Наполеон - 150 ₴\n2x Паста Карбонара - 260 ₴\n8x Вареники з картоплею - 180 ₴\n3x Плов з бараниною - 310 ₴\n5x Голубці домашні - 240 ₴\n1x Котлета по-київськи - 320 ₴\n1x Домашній лимонад - 70 ₴', 6660.00, 'Paid', 'КАРТКА', '2026-03-17 15:28:46'),
(12, 'Стіл 24', 'Admin (Admin)', '2x Баранячі реберця BBQ - 380 ₴\n1x Яблучний штрудель - 140 ₴\n1x Торт Наполеон - 150 ₴\n1x Тірамісу - 160 ₴', 1210.00, 'Paid', 'ГОТІВКА', '2026-03-17 15:31:53'),
(13, 'Стіл 4', 'Admin (Admin)', '2x Голубці домашні - 240 ₴\n2x Лазанья М\'ясна - 290 ₴\n1x Деруни зі сметаною - 150 ₴', 1210.00, 'Paid', 'ГОТІВКА', '2026-03-17 15:33:27'),
(14, 'Стіл 8', 'Admin (Admin)', '1x Деруни зі сметаною - 150 ₴\n1x Лазанья М\'ясна - 290 ₴\n1x Вареники з картоплею - 180 ₴\n1x Тірамісу - 160 ₴\n1x Плов з бараниною - 310 ₴', 1090.00, 'Paid', 'КАРТКА', '2026-03-17 15:33:40'),
(16, 'Стіл 4', 'Admin (Admin)', '1x 🥬 Голубці домашні - 240 ₴\n2x 🥟 Вареники з картоплею - 180 ₴\n1x 🍖 Баранячі реберця BBQ - 380 ₴', 980.00, 'Paid', 'КАРТКА', '2026-03-17 21:20:14'),
(17, '📦 Доставка #9347', 'Admin (Admin)', 'Клієнт: YASYA HASUD\nТелефон: +38 (067) 823-98-47\nАДРЕСА: SHEVCHENKOASF WDAS, Буд. 12B, Кв/Пов: 12\n\n1x 🥘 Лазанья М\'ясна - 290 ₴\n1x 🥞 Сирники з медом - 130 ₴\n1x 🥩 Котлети на грилі - 280 ₴\n1x 🍖 Баранячі реберця BBQ - 380 ₴\n1x 🍰 Торт Наполеон - 150 ₴\n\nЗНИЖКА (WELCOME2026): -246,00 ₴\nДО СПЛАТИ: 984,00 ₴', 984.00, 'Pending', 'При Отриманні', '2026-03-17 21:44:07'),
(18, '📦 Доставка #8857', 'Admin (Admin)', 'Клієнт: sacdz x\nТелефон: +38 (067) 832-89-49\nАДРЕСА: asCZX , Буд. 12b, Кв/Пов: 23\n\n1x 🎂 Київський торт - 210 ₴\n1x 🧀 Чізкейк Нью-Йорк - 175 ₴\n\nЗНИЖКА (WELCOME2026): -77,00 ₴\nДО СПЛАТИ: 308,00 ₴', 308.00, 'Pending', 'При Отриманні', '2026-03-17 21:51:53'),
(19, 'Стіл 4', 'Admin (Admin)', '1x 🥞 Сирники з медом - 130 ₴\n2x 🥘 Лазанья М\'ясна - 290 ₴', 710.00, 'Paid', 'ГОТІВКА', '2026-03-17 21:54:53'),
(22, 'Стіл 4', 'Admin (Admin)', '2x 🍜 Курячий бульйон - 110 ₴\n2x 🍲 Гороховий з копченостями - 120 ₴\n2x 🍲 Солянка м\'ясна - 190 ₴\n2x 🥘 Бограч закарпатський - 185 ₴\n2x 🐟 Уха з лосося - 210 ₴\n2x 🥟 Вареники з картоплею - 180 ₴\n2x 🥬 Голубці домашні - 240 ₴', 2470.00, 'Paid', 'КАРТКА', '2026-03-20 10:29:33'),
(25, 'Стіл 4', 'Personal (Працівник)', '1x 🍢 Курячий шашлик - 240 ₴\n2x 🍮 Тірамісу - 160 ₴\n1x 🍖 Баранячі реберця BBQ - 380 ₴', 940.00, 'Paid', 'КАРТКА', '2026-03-20 10:45:24'),
(28, 'Стіл 4', 'Admin (Admin)', '1x 🥬 Голубці домашні - 240 ₴\n1x 🍖 Баранячі реберця BBQ - 380 ₴\n1x 🥘 Лазанья М\'ясна - 290 ₴', 910.00, 'Paid', 'КАРТКА', '2026-03-22 23:33:32'),
(29, 'Стіл 8', 'Admin (Admin)', '2x 🥬 Голубці домашні - 240 ₴\n1x 🍖 Баранячі реберця BBQ - 380 ₴', 860.00, 'Paid', 'ГОТІВКА', '2026-03-22 23:36:02'),
(31, 'Стіл 4', 'Admin (Admin)', '1x 🎂 Київський торт - 210 ₴\n1x 🥞 Сирники з медом - 130 ₴\n1x 🥩 Котлети на грилі - 280 ₴\n1x 🍰 Торт Наполеон - 150 ₴', 770.00, 'Paid', 'КАРТКА', '2026-03-23 12:45:26'),
(32, 'Стіл 4', 'Admin (Admin)', '1x 🥞 Сирники з медом - 130 ₴\n1x ☕ Кава Лате - 65 ₴', 195.00, 'Paid', 'КАРТКА', '2026-03-23 12:46:08'),
(33, '📦 Доставка #8753', 'Admin (Admin)', 'Клієнт: Aaaaaaaa\nТелефон: +38 (067) 888-88-88\nАДРЕСА: Kyiv Obolon, Буд. 14A, Кв/Пов: 10\n\n1x 🍰 Медовик - 140 ₴\n1x 🍖 Баранячі реберця BBQ - 380 ₴\n1x 🥛 Айран - 35 ₴\n1x 🥤 Кока-Кола - 50 ₴\n\nЗНИЖКА: -121,00 ₴\nДО СПЛАТИ: 484,00 ₴', 484.00, 'Pending', 'При Отриманні', '2026-03-23 12:55:56'),
(34, '📦 Доставка #8305', 'Admin (Admin)', 'Клієнт: AAAA\nТелефон: +38 (067) 888-88-88\nАДРЕСА: Kyiv Maidan, Буд. 10A, Кв/Пов: 12\n\n1x 🧀 Чізкейк Нью-Йорк - 175 ₴\n1x 🥛 Айран - 35 ₴\n\nРАЗОМ: 210,00 ₴', 210.00, 'Pending', 'При Отриманні', '2026-03-23 12:57:38'),
(35, '📦 Доставка #2169', 'Admin (Admin)', 'Клієнт: Aaaaaaaa\nТелефон: +38 (067) 838-38-21\nАДРЕСА: Aaa, Буд. 14A, Кв/Пов: 4\n\n1x 🎂 Київський торт - 210 ₴\n1x 🍹 Узвар домашній - 45 ₴\n1x 🍕 Мікс Піца - 320 ₴\n\nЗНИЖКА: -115,00 ₴\nДО СПЛАТИ: 460,00 ₴', 460.00, 'Pending', 'При Отриманні', '2026-03-23 12:58:45'),
(38, 'Стіл 4', 'Admin (Admin)', '2x 🎂 Київський торт - 210 ₴\n1x ☕ Кава Лате - 65 ₴\n1x 🧃 Сік в асортименті - 55 ₴\n1x 🍰 Медовик - 140 ₴\n1x 🍓 Фруктова тарілка - 250 ₴', 930.00, 'Paid', 'ГОТІВКА', '2026-03-23 13:00:24'),
(40, 'Стіл 4', 'Admin (Admin)', '1x 21 - 212 ₴', 212.00, 'Paid', 'КАРТКА', '2026-03-23 13:13:12'),
(41, '📦 Доставка #2543', 'Admin (Admin)', 'Клієнт: Aaaa\nТелефон: +38 (067) 488-48-88\nАДРЕСА: AAA14, Буд. 12, Кв/Пов: 2\n\n1x ☕ Кава Лате - 65 ₴\n1x 🧁 Шоколадний фондан - 165 ₴\n1x 🥛 Айран - 35 ₴\n1x 🥧 Яблучний штрудель - 140 ₴\n\nЗНИЖКА: -81,00 ₴\nДО СПЛАТИ: 324,00 ₴', 324.00, 'Pending', 'При Отриманні', '2026-03-23 13:16:38'),
(42, '📦 Доставка #4036', 'Admin (Admin)', 'Клієнт: aaaa\nТелефон: +38 (067) 888-48-48\nАДРЕСА: A, Буд. 14, Кв/Пов: 2\n\n1x 21 - 212 ₴\n1x 🧀 Чізкейк Нью-Йорк - 175 ₴\n1x 🥘 Лазанья М\'ясна - 290 ₴\n\nЗНИЖКА: -135,40 ₴\nДО СПЛАТИ: 541,60 ₴', 541.60, 'Completed', 'При Отриманні', '2026-03-23 13:24:27'),
(43, 'Стіл 4', 'Admin (Admin)', '1x 🥛 Айран - 35 ₴\n2x 🍺 Квас Тарас - 40 ₴\n1x 🍹 Узвар домашній - 45 ₴\n1x 🥤 Смузі полуничний - 95 ₴', 255.00, 'Paid', 'КАРТКА', '2026-03-23 23:40:03'),
(44, 'Стіл 4', 'Admin (Admin)', '4x 🥟 Вареники з картоплею - 180 ₴\n4x 🍖 Баранячі реберця BBQ - 380 ₴', 2240.00, 'Paid', 'КАРТКА', '2026-03-23 23:47:34'),
(46, 'Стіл 8', 'Admin (Admin)', '1x 🥘 Лазанья М\'ясна - 290 ₴\n1x 🍖 Баранячі реберця BBQ - 380 ₴\n1x 🥬 Голубці домашні - 240 ₴\n1x 🥟 Вареники з картоплею - 180 ₴', 1090.00, 'Paid', 'КАРТКА', '2026-03-24 00:01:38'),
(48, 'Стіл 4', 'Admin (Admin)', '1x 🍖 Баранячі реберця BBQ - 380 ₴\n1x 🥟 Вареники з картоплею - 180 ₴\n1x 🥘 Лазанья М\'ясна - 290 ₴', 850.00, 'Paid', 'КАРТКА', '2026-03-24 00:24:26'),
(50, 'Стіл 4', 'Admin (Admin)', '2x 🍝 Паста Карбонара - 260 ₴\n1x 🥬 Голубці домашні - 240 ₴\n1x 🍚 Плов з бараниною - 310 ₴\n1x 🍮 Тірамісу - 160 ₴', 1230.00, 'Paid', 'ГОТІВКА', '2026-03-27 10:38:48'),
(51, '📦 Доставка #7258', 'Admin (Admin)', 'Клієнт: AAA GG\nТелефон: +38 (067) 232-44-44\nАДРЕСА: Tarasa Sevchenko, Буд. 14A, Кв/Пов: 8, 300\n\n1x 🥩 Котлети на грилі - 280 ₴\n1x 🍰 Торт Наполеон - 150 ₴\n1x 🥬 Голубці домашні - 240 ₴\n1x 🍝 Паста Карбонара - 260 ₴\n1x 🥧 Яблучний штрудель - 140 ₴\n1x 🍖 Баранячі реберця BBQ - 380 ₴\n\nЗНИЖКА: -290,00 ₴\nДО СПЛАТИ: 1 160,00 ₴', 1160.00, 'Completed', 'При Отриманні', '2026-03-27 10:41:40'),
(52, '📦 Доставка #2053', 'Admin (Admin)', 'Клієнт: asd\nТелефон: +38 (067) 221-44-44\nАДРЕСА: AS, Буд. ASD, Кв/Пов: ASD\n\n1x 🎂 Київський торт - 210 ₴\n1x 🍝 Паста Карбонара - 260 ₴\n\nЗНИЖКА: -94,00 ₴\nДО СПЛАТИ: 376,00 ₴', 376.00, 'Completed', 'При Отриманні', '2026-03-27 12:43:09'),
(53, 'Стіл 4', 'Personal (Працівник)', '1x 🥟 Вареники з картоплею - 180 ₴\n2x 🥬 Голубці домашні - 240 ₴\n2x 🍝 Паста Карбонара - 260 ₴\n1x 🥧 Яблучний штрудель - 140 ₴', 1320.00, 'Pending', '-', '2026-04-10 15:01:04'),
(54, '📦 Доставка #1786', 'Admin (Admin)', 'Клієнт: wefsd\nТелефон: +38 (067) 947-32-23\nАДРЕСА: ascasd, Буд. 8A, Кв/Пов: 4\n\n1x Sushi - 200 ₴\n1x 🍰 Медовик - 140 ₴\n2x 🍖 Баранячі реберця BBQ - 380 ₴\n\nЗНИЖКА: -220,00 ₴\nДО СПЛАТИ: 880,00 ₴', 880.00, 'Completed', 'При Отриманні', '2026-04-12 13:18:13');

-- --------------------------------------------------------

--
-- Структура таблицы `order_items`
--

CREATE TABLE `order_items` (
  `id` int(11) NOT NULL,
  `order_id` int(11) NOT NULL,
  `item_name` varchar(255) NOT NULL,
  `quantity` int(11) NOT NULL,
  `price` double NOT NULL
) ENGINE=InnoDB DEFAULT CHARSET=utf8mb4 COLLATE=utf8mb4_unicode_ci;

--
-- Дамп данных таблицы `order_items`
--

INSERT INTO `order_items` (`id`, `order_id`, `item_name`, `quantity`, `price`) VALUES
(5, 31, '🎂 Київський торт', 1, 210),
(6, 31, '🥞 Сирники з медом', 1, 130),
(7, 31, '🥩 Котлети на грилі', 1, 280),
(8, 31, '🍰 Торт Наполеон', 1, 150),
(9, 32, '🥞 Сирники з медом', 1, 130),
(10, 32, '☕ Кава Лате', 1, 65),
(11, 33, '🍰 Медовик', 1, 140),
(12, 33, '🍖 Баранячі реберця BBQ', 1, 380),
(13, 33, '🥛 Айран', 1, 35),
(14, 33, '🥤 Кока-Кола', 1, 50),
(15, 34, '🧀 Чізкейк Нью-Йорк', 1, 175),
(16, 34, '🥛 Айран', 1, 35),
(17, 35, '🎂 Київський торт', 1, 210),
(18, 35, '🍹 Узвар домашній', 1, 45),
(19, 35, '🍕 Мікс Піца', 1, 320),
(28, 38, '🎂 Київський торт', 2, 210),
(29, 38, '☕ Кава Лате', 1, 65),
(30, 38, '🧃 Сік в асортименті', 1, 55),
(31, 38, '🍰 Медовик', 1, 140),
(32, 38, '🍓 Фруктова тарілка', 1, 250),
(35, 40, '21', 1, 212),
(36, 41, '☕ Кава Лате', 1, 65),
(37, 41, '🧁 Шоколадний фондан', 1, 165),
(38, 41, '🥛 Айран', 1, 35),
(39, 41, '🥧 Яблучний штрудель', 1, 140),
(40, 42, '21', 1, 212),
(41, 42, '🧀 Чізкейк Нью-Йорк', 1, 175),
(42, 42, '🥘 Лазанья М\'ясна', 1, 290),
(43, 43, '🥛 Айран', 1, 35),
(44, 43, '🍺 Квас Тарас', 2, 40),
(45, 43, '🍹 Узвар домашній', 1, 45),
(46, 43, '🥤 Смузі полуничний', 1, 95),
(47, 44, '🥟 Вареники з картоплею', 4, 180),
(48, 44, '🍖 Баранячі реберця BBQ', 4, 380),
(53, 46, '🥘 Лазанья М\'ясна', 1, 290),
(54, 46, '🍖 Баранячі реберця BBQ', 1, 380),
(55, 46, '🥬 Голубці домашні', 1, 240),
(56, 46, '🥟 Вареники з картоплею', 1, 180),
(60, 48, '🍖 Баранячі реберця BBQ', 1, 380),
(61, 48, '🥟 Вареники з картоплею', 1, 180),
(62, 48, '🥘 Лазанья М\'ясна', 1, 290),
(67, 50, '🍝 Паста Карбонара', 2, 260),
(68, 50, '🥬 Голубці домашні', 1, 240),
(69, 50, '🍚 Плов з бараниною', 1, 310),
(70, 50, '🍮 Тірамісу', 1, 160),
(71, 51, '🥩 Котлети на грилі', 1, 280),
(72, 51, '🍰 Торт Наполеон', 1, 150),
(73, 51, '🥬 Голубці домашні', 1, 240),
(74, 51, '🍝 Паста Карбонара', 1, 260),
(75, 51, '🥧 Яблучний штрудель', 1, 140),
(76, 51, '🍖 Баранячі реберця BBQ', 1, 380),
(77, 52, '🎂 Київський торт', 1, 210),
(78, 52, '🍝 Паста Карбонара', 1, 260),
(79, 53, '🥟 Вареники з картоплею', 1, 180),
(80, 53, '🥬 Голубці домашні', 2, 240),
(81, 53, '🍝 Паста Карбонара', 2, 260),
(82, 53, '🥧 Яблучний штрудель', 1, 140),
(83, 54, 'Sushi', 1, 200),
(84, 54, '🍰 Медовик', 1, 140),
(85, 54, '🍖 Баранячі реберця BBQ', 2, 380);

-- --------------------------------------------------------

--
-- Структура таблицы `reservations`
--

CREATE TABLE `reservations` (
  `id` int(11) NOT NULL,
  `TableName` varchar(50) DEFAULT NULL,
  `CustomerName` varchar(100) DEFAULT NULL,
  `Phone` varchar(50) DEFAULT NULL,
  `Email` varchar(100) DEFAULT NULL,
  `GuestCount` int(11) DEFAULT NULL,
  `ReservationDate` datetime DEFAULT NULL,
  `Status` varchar(20) DEFAULT 'Active'
) ENGINE=InnoDB DEFAULT CHARSET=utf8mb4 COLLATE=utf8mb4_unicode_ci;

--
-- Дамп данных таблицы `reservations`
--

INSERT INTO `reservations` (`id`, `TableName`, `CustomerName`, `Phone`, `Email`, `GuestCount`, `ReservationDate`, `Status`) VALUES
(1, 'Стіл 4', '32rwed', '+38 (067) 848-27-82', '', 2, '2026-03-25 18:00:00', 'Completed'),
(2, 'Стіл 24', '', '+38 (067) 093-84-74', '', 4, '2026-03-25 18:00:00', 'Completed'),
(3, 'Стіл 24', '', '+38 (067) 093-84-74', '', 4, '2026-03-25 18:00:00', 'Completed'),
(4, 'Стіл 4', 'Aaa', '+38 (067) 484-83-83', '', 2, '2026-03-23 10:00:00', 'Completed'),
(5, 'Стіл 4', 'Aaa', '+38 (067) 949-49-42', '', 2, '2026-03-23 10:00:00', 'Completed'),
(6, 'Стіл 4', 'Aaaa', '+38 (067) 848-88-88', '', 2, '2026-03-23 18:00:00', 'Completed'),
(7, 'Стіл 4', 'Aaa', '+38 (067) 888-88-88', '', 4, '2026-03-23 18:00:00', 'Cancelled'),
(8, 'Стіл 4', 'AAAA', '+38 (607) 888-88-88', '', 4, '2026-03-24 18:00:00', 'Cancelled'),
(9, 'Стіл 4', 'Kubg', '+38 (067) 345-68-88', '', 7, '2026-03-28 18:00:00', 'Completed'),
(10, 'Стіл 24', '2EWFDSCASC', '+38 (067) 232-32-22', 'ADC', 2, '2026-04-12 10:00:00', 'Active');

-- --------------------------------------------------------

--
-- Структура таблицы `users`
--

CREATE TABLE `users` (
  `Id` int(11) NOT NULL,
  `Username` varchar(50) NOT NULL,
  `password_hash` varchar(255) DEFAULT NULL,
  `Role` varchar(20) NOT NULL
) ENGINE=InnoDB DEFAULT CHARSET=utf8mb4 COLLATE=utf8mb4_unicode_ci;

--
-- Дамп данных таблицы `users`
--

INSERT INTO `users` (`Id`, `Username`, `password_hash`, `Role`) VALUES
(1, 'Admin', '2926a2731f4b312c08982cacf8061eb14bf65c1a87cc5d70e864e079c6220731', 'Admin'),
(2, 'Personal', '9af15b336e6a9619928537df30b2e6a2376569fcf9d7e773eccede65606529a0', 'Працівник'),
(5, 'Kitchen', 'cbfad02f9ed2a8d1e08d8f74f5303e9eb93637d47f82ab6f1c15871cf8dd0481', 'Кухар');

--
-- Индексы сохранённых таблиц
--

--
-- Индексы таблицы `categories`
--
ALTER TABLE `categories`
  ADD PRIMARY KEY (`id`);

--
-- Индексы таблицы `clients`
--
ALTER TABLE `clients`
  ADD PRIMARY KEY (`id`);

--
-- Индексы таблицы `menuitems`
--
ALTER TABLE `menuitems`
  ADD PRIMARY KEY (`Id`);

--
-- Индексы таблицы `orders`
--
ALTER TABLE `orders`
  ADD PRIMARY KEY (`Id`);

--
-- Индексы таблицы `order_items`
--
ALTER TABLE `order_items`
  ADD PRIMARY KEY (`id`),
  ADD KEY `order_id` (`order_id`);

--
-- Индексы таблицы `reservations`
--
ALTER TABLE `reservations`
  ADD PRIMARY KEY (`id`);

--
-- Индексы таблицы `users`
--
ALTER TABLE `users`
  ADD PRIMARY KEY (`Id`),
  ADD UNIQUE KEY `Username` (`Username`);

--
-- AUTO_INCREMENT для сохранённых таблиц
--

--
-- AUTO_INCREMENT для таблицы `categories`
--
ALTER TABLE `categories`
  MODIFY `id` int(11) NOT NULL AUTO_INCREMENT, AUTO_INCREMENT=11;

--
-- AUTO_INCREMENT для таблицы `clients`
--
ALTER TABLE `clients`
  MODIFY `id` int(11) NOT NULL AUTO_INCREMENT, AUTO_INCREMENT=12;

--
-- AUTO_INCREMENT для таблицы `menuitems`
--
ALTER TABLE `menuitems`
  MODIFY `Id` int(11) NOT NULL AUTO_INCREMENT, AUTO_INCREMENT=78;

--
-- AUTO_INCREMENT для таблицы `orders`
--
ALTER TABLE `orders`
  MODIFY `Id` int(11) NOT NULL AUTO_INCREMENT, AUTO_INCREMENT=55;

--
-- AUTO_INCREMENT для таблицы `order_items`
--
ALTER TABLE `order_items`
  MODIFY `id` int(11) NOT NULL AUTO_INCREMENT, AUTO_INCREMENT=86;

--
-- AUTO_INCREMENT для таблицы `reservations`
--
ALTER TABLE `reservations`
  MODIFY `id` int(11) NOT NULL AUTO_INCREMENT, AUTO_INCREMENT=11;

--
-- AUTO_INCREMENT для таблицы `users`
--
ALTER TABLE `users`
  MODIFY `Id` int(11) NOT NULL AUTO_INCREMENT, AUTO_INCREMENT=6;

--
-- Ограничения внешнего ключа сохраненных таблиц
--

--
-- Ограничения внешнего ключа таблицы `order_items`
--
ALTER TABLE `order_items`
  ADD CONSTRAINT `order_items_ibfk_1` FOREIGN KEY (`order_id`) REFERENCES `orders` (`Id`) ON DELETE CASCADE ON UPDATE CASCADE;
COMMIT;

/*!40101 SET CHARACTER_SET_CLIENT=@OLD_CHARACTER_SET_CLIENT */;
/*!40101 SET CHARACTER_SET_RESULTS=@OLD_CHARACTER_SET_RESULTS */;
/*!40101 SET COLLATION_CONNECTION=@OLD_COLLATION_CONNECTION */;
